NewDataLabel,OldDataLabel,Diff
DHW_ClothesWasherColdFlow,DHW_ClothesWasherColdFlow,
DHW_ClothesWasherHotFlow,DHW_ClothesWasherHotFlow,
DHW_DishwasherHotFlow,DHW_DishwasherHotFlow,
DHW_SHWGlycolTempIn,DHW_GlycolTempSHWHX80galHXIn,Yes
DHW_SHWGlycolTempOut,DHW_GlycolTempSHWHX80galHXOut,Yes
DHW_HeatPumpWaterHeaterEnergyTotal,DHW_HeatPumpWaterHeaterEnergyTotal,
DHW_HeatPumpWaterHeaterPowerTotal,DHW_HeatPumpWaterHeaterPowerTotal,
DHW_ManifoldColdFlow,DHW_ManifoldColdFlow,
DHW_ManifoldHotFlow,DHW_ManifoldHotFlow,
DHW_MixValveColdFlow,DHW_MixValveColdFlow,
DHW_RoomTempBasementHPWH,DHW_RoomTempBasementHPWH,
DHW_SHWPumpsEnergywithStandby,DHW_SHWPumpsEnergywithStandby,
DHW_SHWPumpsPowerwithStandby,DHW_SHWPumpsPowerwithStandby,
DHW_StatusSolenoidColdMBATub,DHW_StatusSolenoidCold11MBATub,Yes
DHW_StatusSolenoidColdMBAShower,DHW_StatusSolenoidCold12MBAShower,Yes
DHW_StatusSolenoidColdKitchenSink,DHW_StatusSolenoidCold4KitchenSink,Yes
DHW_StatusSolenoidHotKitchenSink,DHW_StatusSolenoidHot3KitchenSink,Yes
DHW_StatusSolenoidHotMBATub,DHW_StatusSolenoidHot8MBATub,Yes
DHW_StatusSolenoidHotMBAShower,DHW_StatusSolenoidHot9MBAShower,Yes
DHW_WaterTempBAShowerMixed,DHW_WaterTempBA2ShowerMixed,Yes
DHW_WaterTempBAShwCold,DHW_WaterTempBA2ShwCold,Yes
DHW_WaterTempBAShwHot,DHW_WaterTempBA2ShwHot,Yes
DHW_WaterTempBASinkCold,DHW_WaterTempBA2SinkCold,Yes
DHW_WaterTempBASinkHot,DHW_WaterTempBA2SinkHot,Yes
DHW_WaterTempBASinkMixed,DHW_WaterTempBA2SinkMixed,Yes
DHW_WaterTempDishwasher,DHW_WaterTempDishwasher,
DHW_WaterTempHPWHIn,DHW_WaterTempHPWHIn,
DHW_WaterTempHPWHOut,DHW_WaterTempHPWHOut,
DHW_WaterTempKSinkCold,DHW_WaterTempKSinkCold,
DHW_WaterTempKSinkHot,DHW_WaterTempKSinkHot,
DHW_WaterTempKSinkMix,DHW_WaterTempKSinkMix,
DHW_WaterTempManifoldColdIn,DHW_WaterTempManifoldColdIn,
DHW_WaterTempManifoldHotIn,DHW_WaterTempManifoldHotIn,
DHW_WaterTempMBAShwCold,DHW_WaterTempMBAShwCold,
DHW_WaterTempMBAShwHot,DHW_WaterTempMBAShwHot,
DHW_WaterTempMBAShwMix,DHW_WaterTempMBAShwMix,
DHW_WaterTempMBASinkRMixed,DHW_WaterTempMBASinkRMixed,
DHW_WaterTempMBASinkRCold,DHW_WaterTempMBASinkRCold,
DHW_WaterTempMBASinkRHot,DHW_WaterTempMBASinkRHot,
DHW_WaterTempMBATubCold,DHW_WaterTempMBATubCold,
DHW_WaterTempMBATubHot,DHW_WaterTempMBATubHot,
DHW_WaterTempMBATubMix,DHW_WaterTempMBATubMix,
DHW_WaterTempMixValveColdIn,DHW_WaterTempMixValveColdIn,
DHW_WaterTempMixValveHotIn,DHW_WaterTempMixValveHotIn,
DHW_WaterTempSHWHX80galIn,DHW_WaterTempSHWHX80galHXIn,Yes
DHW_WaterTempSHWHX80galOut,DHW_WaterTempSHWHX80galHXOut,Yes
DHW_WaterTempSHWTank80galIn,DHW_WaterTempSolarPreheatTank80galIn,Yes
DHW_WaterTempSHWTank80galOut,DHW_WaterTempSolarPreheatTank80galOut,Yes
DHW_WaterTempWasherCold,DHW_WaterTempWasherCold,
DHW_WaterTempWasherHot,DHW_WaterTempWasherHot,
Elec_EnergyHeatPumpWH1of2,Elec_EnergyRPB26HeatPumpWH1of2,Yes
Elec_EnergyHeatPumpWH2of2,Elec_EnergyRPB28HeatPumpWH2of2,Yes
Elec_PowerHeatPumpWH1of2,Elec_PowerRPB26HeatPumpWH1of2,Yes
Elec_PowerHeatPumpWH2of2,Elec_PowerRPB28HeatPumpWH2of2,Yes
Elec_EnergyPlugsBaseAHeliodyneHXs,Elec_EnergyRPB1PlugsBaseAHeliodyneHXs,Yes
Elec_EnergyPlugsDR,Elec_EnergyRPB13PlugsDR,Yes
Elec_EnergyPlugsBR4,Elec_EnergyRPB14PlugsBR4,Yes
Elec_EnergyPlugsEntryHall,Elec_EnergyRPB15PlugsEntryHall,Yes
Elec_EnergyPlugsLR,Elec_EnergyRPB16PlugsLR,Yes
Elec_EnergyClothesWasher,Elec_EnergyRPB17ClothesWasher,Yes
Elec_EnergyDryer1of2,Elec_EnergyRPB18Dryer1of2,Yes
Elec_EnergyDryer2of2,Elec_EnergyRPB20Dryer2of2,Yes
Elec_EnergyPlugsBaseB,Elec_EnergyRPB2PlugsBaseB,Yes
Elec_EnergyPlugsBaseC,Elec_EnergyRPB3PlugsBaseC,Yes
Elec_EnergySumpPump,Elec_EnergyRPB4SumpPump,Yes
Elec_EnergySpare1,Elec_EnergyRPB6Spare,Yes
Elec_EnergyPlugsBA1,Elec_EnergyRPB8PlugsBA1,Yes
Elec_EnergyGarbageDisposal,Elec_EnergyRPBA10GarbageDisposal,Yes
Elec_EnergyPlugsKitRange,Elec_EnergyRPBA11PlugsKitRange,Yes
Elec_EnergyPlugsKitPeninsula,Elec_EnergyRPBA12PlugsKitPeninsula,Yes
Elec_EnergyMicrowave,Elec_EnergyRPBA14Microwave,Yes
Elec_EnergyPlugs2ndFloor,Elec_EnergyRPBA21Plugs2ndFloor,Yes
Elec_EnergySpare2,Elec_EnergyRPBA23Spare,Yes
Elec_EnergyPlugsBR2,Elec_EnergyRPBA29PlugsBR2,Yes
Elec_EnergyPlugsMBR,Elec_EnergyRPBA31PlugsMBR,Yes
Elec_EnergyPlugsMBAEast,Elec_EnergyRPBA3PlugsMBAEast,Yes
Elec_EnergyDishwasher,Elec_EnergyRPBA40Dishwasher,Yes
Elec_EnergyPlugsBA2South,Elec_EnergyRPBA4PlugsBA2South,Yes
Elec_EnergyPlugsMBAWest,Elec_EnergyRPBA5PlugsMBAWest,Yes
Elec_EnergyPlugsBA2North,Elec_EnergyRPBA6PlugsBA2North,Yes
Elec_EnergyPlugsBR3,Elec_EnergyRPBA7PlugsBR3,Yes
Elec_EnergyRefrigerator,Elec_EnergyRPBA8Refrigerator,Yes
Elec_EnergyPlugsKitSink,Elec_EnergyRPBA9PlugsKitSink,Yes
Elec_EnergyPlugsDRB,Elec_EnergyRPBB41PlugsDRB,Yes
Elec_EnergyPlugsAttic,Elec_EnergyRPBB42PlugsAttic,Yes
Elec_PowerPlugsDR,Elec_PowerRPB13PlugsDR,Yes
Elec_PowerPlugsBR4,Elec_PowerRPB14PlugsBR4,Yes
Elec_PowerPlugsEntryHall,Elec_PowerRPB15PlugsEntryHall,Yes
Elec_PowerPlugsLR,Elec_PowerRPB16PlugsLR,Yes
Elec_PowerClothesWasher,Elec_PowerRPB17ClothesWasher,Yes
Elec_PowerDryer1of2,Elec_PowerRPB18Dryer1of2,Yes
Elec_PowerDryer2of2,Elec_PowerRPB20Dryer2of2,Yes
Elec_PowerPlugsBaseB,Elec_PowerRPB2PlugsBaseB,Yes
Elec_PowerPlugsBaseC,Elec_PowerRPB3PlugsBaseC,Yes
Elec_PowerSumpPump,Elec_PowerRPB4SumpPump,Yes
Elec_PowerSpare1,Elec_PowerRPB6Spare,Yes
Elec_PowerPlugsBA1,Elec_PowerRPB8PlugsBA1,Yes
Elec_PowerGarbageDisposal,Elec_PowerRPBA10GarbageDisposal,Yes
Elec_PowerPlugsKitRange,Elec_PowerRPBA11PlugsKitRange,Yes
Elec_PowerPlugsKitPeninsula,Elec_PowerRPBA12PlugsKitPeninsula,Yes
Elec_PowerMicrowave,Elec_PowerRPBA14Microwave,Yes
Elec_PowerPlugs2ndFloor,Elec_PowerRPBA21Plugs2ndFloor,Yes
Elec_PowerSpare2,Elec_PowerRPBA23Spare,Yes
Elec_PowerPlugsBR2,Elec_PowerRPBA29PlugsBR2,Yes
Elec_PowerPlugsMBR,Elec_PowerRPBA31PlugsMBR,Yes
Elec_PowerPlugsMBAEast,Elec_PowerRPBA3PlugsMBAEast,Yes
Elec_PowerDishwasher,Elec_PowerRPBA40Dishwasher,Yes
Elec_PowerPlugsBA2South,Elec_PowerRPBA4PlugsBA2South,Yes
Elec_PowerPlugsMBAWest,Elec_PowerRPBA5PlugsMBAWest,Yes
Elec_PowerPlugsBA2North,Elec_PowerRPBA6PlugsBA2North,Yes
Elec_PowerPlugsBR3,Elec_PowerRPBA7PlugsBR3,Yes
Elec_PowerRefrigerator,Elec_PowerRPBA8Refrigerator,Yes
Elec_PowerPlugsKitSink,Elec_PowerRPBA9PlugsKitSink,Yes
Elec_PowerPlugsDRB,Elec_PowerRPBB41PlugsDRB,Yes
Elec_PowerPlugsAttic,Elec_PowerRPBB42PlugsAttic,Yes
Elec_EnergyHRV,Elec_EnergyRPB25HRV,Yes
Elec_PowerHRV,Elec_PowerRPB25HRV,Yes
HVAC_DehumidifierAirflow,HVAC_UltraAire70HAirflowCFM,Yes
HVAC_DehumidifierExitAirTemp,HVAC_UltraAire70HExitAirAvgTempF,Yes
HVAC_DehumidifierInletAirTemp,HVAC_UltraAire70HInletAirAvgTempF,Yes
HVAC_DehumidifierPower,HVAC_X1423UltraAire70HPowerW,Yes
HVAC_HeatPumpIndoorUnitPower,HVAC_X1421IDUnitPowerDemandW,Yes
HVAC_HeatPumpOutdoorUnitPower,HVAC_X1422ODUnitPowerDemandW,Yes
HVAC_HVACDewpointReturnAir,HVAC_HVACDewpointReturnAir,
HVAC_HVACDewpointSupplyAir,HVAC_HVACDewpointSupplyAir,
HVAC_HVACTempReturnAir,HVAC_HVACTempReturnAir,
HVAC_HVACTempSupplyAir,HVAC_HVACTempSupplyAir,
IndEnv_BasementRH,IndEnv_BasementRH,
IndEnv_Bedroom2RH,IndEnv_Bedroom2RH,
IndEnv_Bedroom3RH,IndEnv_Bedroom3RH,
IndEnv_KitchenRH,IndEnv_KitchenRH,
IndEnv_LivingRmRH,IndEnv_LivingRmRH,
IndEnv_MastBedRmRH,IndEnv_MastBedRmRH,
IndEnv_MBARH,IndEnv_MBARH,
IndEnv_RadiantTempBR2,IndEnv_RadiantTempBR2,
IndEnv_RadiantTempBR3,IndEnv_RadiantTempBR3,
IndEnv_RadiantTempKitchen,IndEnv_RadiantTempKitchen,
IndEnv_RadiantTempLR,IndEnv_RadiantTempLR,
IndEnv_RadiantTempMBR,IndEnv_RadiantTempMBR,
IndEnv_RoomTempAtticNE,IndEnv_RoomTempAtticNE,
IndEnv_RoomTempAtticNW,IndEnv_RoomTempAtticNW,
IndEnv_RoomTempAtticSE,IndEnv_RoomTempAtticSE,
IndEnv_RoomTempAtticSW,IndEnv_RoomTempAtticSW,
IndEnv_RoomTempBA1Temp,IndEnv_RoomTempBA1Temp,
IndEnv_RoomTempBA2Temp,IndEnv_RoomTempBA2Temp,
IndEnv_RoomTempBasementNE,IndEnv_RoomTempBasementNE,
IndEnv_RoomTempBasementNW,IndEnv_RoomTempBasementNW,
IndEnv_RoomTempBasementSE,IndEnv_RoomTempBasementSE,
IndEnv_RoomTempBasementSW,IndEnv_RoomTempBasementSW,
IndEnv_RoomTempBR2Temp,IndEnv_RoomTempBR2Temp,
IndEnv_RoomTempBR3Temp,IndEnv_RoomTempBR3Temp,
IndEnv_RoomTempBR4Temp,IndEnv_RoomTempBR4Temp,
IndEnv_RoomTempDRTemp,IndEnv_RoomTempDRTemp,
IndEnv_RoomTempHallLowerMid,IndEnv_RoomTempHallLowerMid,
IndEnv_RoomTempHallLowest,IndEnv_RoomTempHallLowest,
IndEnv_RoomTempHallMiddle,IndEnv_RoomTempHallMiddle,
IndEnv_RoomTempHallUpper,IndEnv_RoomTempHallUpper,
IndEnv_RoomTempHallUpperMid,IndEnv_RoomTempHallUpperMid,
IndEnv_RoomTempKitchenTemp,IndEnv_RoomTempKitchenTemp,
IndEnv_RoomTempLRTemp,IndEnv_RoomTempLRTemp,
IndEnv_RoomTempMBATemp,IndEnv_RoomTempMBATemp,
IndEnv_RoomTempMBRTemp,IndEnv_RoomTempMBRTemp,
IndEnv_RoomTempWDTemp,IndEnv_RoomTempWDTemp,
Elec_EnergyPlugsInstBR4A,Elec_EnergyRPBB10PlugsInstBR4A,Yes
Elec_EnergyPlugsInstBR4B,Elec_EnergyRPBB12PlugsInstBR4A,Yes
Elec_EnergyPlugsInstLRA,Elec_EnergyRPBB13PlugsInstLRA,Yes
Elec_EnergyPlugsInstLRB,Elec_EnergyRPBB16PlugsInstLRB,Yes
Elec_EnergyPlugsInstBA2,Elec_EnergyRPBB18PlugsInstBA2,Yes
Elec_EnergyPlugsInstMBAB,Elec_EnergyRPBB19PlugsInstMBAB,Yes
Elec_EnergyPlugsGSHPInstrumentation,Elec_EnergyRPBB1PlugsGSHPInstrumentation,Yes
Elec_EnergyPlugsInstMBRA,Elec_EnergyRPBB21PlugsInstMBRA,Yes
Elec_EnergyPlugsInstBR2Hall,Elec_EnergyRPBB22PlugsInstBR2Hall,Yes
Elec_EnergyPlugsInstHall,Elec_EnergyRPBB24PlugsInstHall,Yes
Elec_EnergyLightingControlPanelRPS1,Elec_EnergyRPBB25LightingControlPanelRPS1,Yes
Elec_EnergyPlugsInstBR3,Elec_EnergyRPBB26PlugsInstBR3,Yes
Elec_EnergyHeatLoadforRefrigerator,Elec_EnergyRPBB29HeatLoadforRefrigerator,Yes
Elec_EnergyPlugsInstMudroomA,Elec_EnergyRPBB2PlugsInstMudroomA,Yes
Elec_EnergyLightingControlPanelRPS2,Elec_EnergyRPBB31LightingControlPanelRPS2,Yes
Elec_EnergyPlugsHVACInstrumentation,Elec_EnergyRPBB3PlugsHVACInstrumentation,Yes
Elec_EnergyPlugsInstKitD,Elec_EnergyRPBB40PlugsInstKitD,Yes
Elec_EnergyPlugsInstBA1,Elec_EnergyRPBB4PlugsInstBA1,Yes
Elec_EnergyPlugsInstKitA,Elec_EnergyRPBB6PlugsInstKitA,Yes
Elec_EnergyPlugsInstMudroomB,Elec_EnergyRPBB7PlugsInstMudroomB,Yes
Elec_EnergyPlugsInstDRA,Elec_EnergyRPBB9PlugsInstDRA,Yes
Elec_PowerPlugsInstBR4A,Elec_PowerRPBB10PlugsInstBR4A,Yes
Elec_PowerPlugsInstBR4B,Elec_PowerRPBB12PlugsInstBR4A,Yes
Elec_PowerPlugsInstLRA,Elec_PowerRPBB13PlugsInstLRA,Yes
Elec_PowerPlugsInstLRB,Elec_PowerRPBB16PlugsInstLRB,Yes
Elec_PowerPlugsInstBA2,Elec_PowerRPBB18PlugsInstBA2,Yes
Elec_PowerPlugsInstMBAB,Elec_PowerRPBB19PlugsInstMBAB,Yes
Elec_PowerPlugsGSHPInstrumentation,Elec_PowerRPBB1PlugsGSHPInstrumentation,Yes
Elec_PowerPlugsInstMBRA,Elec_PowerRPBB21PlugsInstMBRA,Yes
Elec_PowerPlugsInstBR2Hall,Elec_PowerRPBB22PlugsInstBR2Hall,Yes
Elec_PowerPlugsInstHall,Elec_PowerRPBB24PlugsInstHall,Yes
Elec_PowerLightingControlPanelRPS1,Elec_PowerRPBB25LightingControlPanelRPS1,Yes
Elec_PowerPlugsInstBR3,Elec_PowerRPBB26PlugsInstBR3,Yes
Elec_PowerHeatLoadforRefrigerator,Elec_PowerRPBB29HeatLoadforRefrigerator,Yes
Elec_PowerPlugsInstMudroomA,Elec_PowerRPBB2PlugsInstMudroomA,Yes
Elec_PowerLightingControlPanelRPS2,Elec_PowerRPBB31LightingControlPanelRPS2,Yes
Elec_PowerPlugsHVACInstrumentation,Elec_PowerRPBB3PlugsHVACInstrumentation,Yes
Elec_PowerPlugsInstKitD,Elec_PowerRPBB40PlugsInstKitD,Yes
Elec_PowerPlugsInstBA1,Elec_PowerRPBB4PlugsInstBA1,Yes
Elec_PowerPlugsInstKitA,Elec_PowerRPBB6PlugsInstKitA,Yes
Elec_PowerPlugsInstMudroomB,Elec_PowerRPBB7PlugsInstMudroomB,Yes
Elec_PowerPlugsInstDRA,Elec_PowerRPBB9PlugsInstDRA,Yes
Elec_EnergyLightsBasementStair,Elec_EnergyRPB5LightsBasementStair,Yes
Elec_EnergyLights2ndFloor,Elec_EnergyRPBA2Lights2ndFloor,Yes
Elec_EnergyLights1stFloorA,Elec_EnergyRPBA32Lights1stFloorA,Yes
Elec_EnergyLights1stFloorB,Elec_EnergyRPBA34Lights1stFloorB,Yes
Elec_EnergyLightsBasement,Elec_EnergyRPBB33LightsBasement,Yes
Elec_EnergyLightsAttic,Elec_EnergyRPBB5LightsAttic,Yes
Elec_PowerLightsBasementStair,Elec_PowerRPB5LightsBasementStair,Yes
Elec_PowerLights2ndFloor,Elec_PowerRPBA2Lights2ndFloor,Yes
Elec_PowerLights1stFloorA,Elec_PowerRPBA32Lights1stFloorA,Yes
Elec_PowerLights1stFloorB,Elec_PowerRPBA34Lights1stFloorB,Yes
Elec_PowerLightsBasement,Elec_PowerRPBB33LightsBasement,Yes
Elec_PowerLightsAttic,Elec_PowerRPBB5LightsAttic,Yes
Elec_EnergyChildBDownstairs,Elec_EnergyRPBB11ChildBDownstairs,Yes
Elec_EnergyChildADownstairs,Elec_EnergyRPBB15ChildADownstairs,Yes
Elec_EnergyParentAUpstairs,Elec_EnergyRPBB23ParentAUpstairs,Yes
Elec_EnergyChildAUpstairs,Elec_EnergyRPBB27ChildAUpstairs,Yes
Elec_EnergyChildBUpstairs,Elec_EnergyRPBB28ChildBUpstairs,Yes
Elec_EnergyParentBUpstairs,Elec_EnergyRPBB34ParentBUpstairs,Yes
Elec_EnergyParentBDownstairs,Elec_EnergyRPBB39ParentBDownstairs,Yes
Elec_EnergyParentADownstairs,Elec_EnergyRPBB8ParentADownstairs,Yes
Elec_PowerChildBDownstairs,Elec_PowerRPBB11ChildBDownstairs,Yes
Elec_PowerChildADownstairs,Elec_PowerRPBB15ChildADownstairs,Yes
Elec_PowerParentAUpstairs,Elec_PowerRPBB23ParentAUpstairs,Yes
Elec_PowerChildAUpstairs,Elec_PowerRPBB27ChildAUpstairs,Yes
Elec_PowerChildBUpstairs,Elec_PowerRPBB28ChildBUpstairs,Yes
Elec_PowerParentBUpstairs,Elec_PowerRPBB34ParentBUpstairs,Yes
Elec_PowerParentBDownstairs,Elec_PowerRPBB39ParentBDownstairs,Yes
Elec_PowerParentADownstairs,Elec_PowerRPBB8ParentADownstairs,Yes
Load_1stFloorLightsEnergyUsage,Load_1stFloorLightsEnergyUsage,
Load_1stFloorLightsPowerUsage,Load_1stFloorLightsPowerUsage,
Load_1stFloorSensHeatEnergyUsage,Load_1stFloorSensHeatEnergyUsage,
Load_1stFloorSensHeatPowerUsage,Load_1stFloorSensHeatPowerUsage,
Load_2ndFloorLightsEnergyUsage,Load_2ndFloorLightsEnergyUsage,
Load_2ndFloorLightsPowerUsage,Load_2ndFloorLightsPowerUsage,
Load_2ndFloorSensHeatEnergyUsage,Load_2ndFloorSensHeatEnergyUsage,
Load_2ndFloorSensHeatPowerUsage,Load_2ndFloorSensHeatPowerUsage,
Load_BasementPlugLoadsEnergyUsage,Load_BasementPlugLoadsEnergyUsage,
Load_BasementPlugLoadsPowerUsage,Load_BasementPlugLoadsPowerUsage,
Load_BR2PlugLoadsEnergyUsage,Load_BR2PlugLoadsExpectedEnergyUsage,Yes
Load_BR2PlugLoadsPowerUsage,Load_BR2PlugLoadsPowerUsage,
Load_BR3PlugLoadsEnergyUsage,Load_BR3PlugLoadsExpectedEnergyUsage,Yes
Load_BR3PlugLoadsPowerUsage,Load_BR3PlugLoadsPowerUsage,
Load_BR4PlugLoadsEnergyUsage,Load_BR4PlugLoadsExpectedEnergyUsage,Yes
Load_BR4PlugLoadsPowerUsage,Load_BR4PlugLoadsPowerUsage,
Load_ClothesWasherEnergywithStandby,Load_ClothesWasherEnergywithStandby,
Load_ClothesWasherPowerWithStandby,Load_ClothesWasherPowerWithStandby,
Load_DryerEnergyTotal,Load_DryerEnergyTotal,
Load_DryerPowerTotal,Load_DryerPowerTotal,
Load_RefrigeratorTemp,Load_FreezerTemp,Yes
Load_KPlugLoadsEnergyUsage,Load_KPlugLoadsEnergyUsage,
Load_KPlugLoadsPowerUsage,Load_KPlugLoadsPowerUsage,
Load_LatentHeatEnergyUsage,Load_LatentHeatEnergyUsage,
Load_LatentHeatPowerUsage,Load_LatentHeatPowerUsage,
Load_LatentHeatWaterVolume,Load_LatentHeatWaterVolume,
Load_LRPlugLoadsEnergyUsage,Load_LRPlugLoadsEnergyUsage,
Load_LRPlugLoadsPowerUsage,Load_LRPlugLoadsPowerUsage,
Load_MBRPlugLoadsEnergyUsage,Load_MBRPlugLoadsEnergyUsage,
Load_MBRPlugLoadsPowerUsage,Load_MBRPlugLoadsPowerUsage,
Load_MicrowaveEnergywithStandby,Load_MicrowaveEnergywithStandby,
Load_MicrowavePowerWithStandby,Load_MicrowavePowerWithStandby,
Load_OvenEnergyTotal,Load_OvenEnergyTotal,
Load_OvenPowerTotal,Load_OvenPowerTotal,
Load_RefrigeratorEnergywithStandby,Load_RefrigeratorEnergywithStandby,
Load_RefrigeratorPowerWithStandby,Load_RefrigeratorPowerWithStandby,
Load_StatusApplianceCooktop,Load_StatusApplianceCooktop,
Load_StatusApplianceDishwasher,Load_StatusApplianceDishwasher,
Load_StatusApplianceOven,Load_StatusApplianceOven,
Load_StatusApplianceRangeHood,Load_StatusApplianceRangeHood,
Load_StatusLatentload,Load_StatusLatentload,
Load_StatusPlugLoadBlender,Load_StatusPlugLoadBlender,
Load_StatusPlugLoadBR2Laptop,Load_StatusPlugLoadBR2Laptop,
Load_StatusPlugLoadBR3Laptop,Load_StatusPlugLoadBR3Laptop,
Load_StatusPlugLoadCanOpener,Load_StatusPlugLoadCanOpener,
Load_StatusPlugLoadCoffeeMaker,Load_StatusPlugLoadCoffeeMaker,
Load_StatusPlugLoadDesktopPCMonitor,Load_StatusPlugLoadDesktopPCMonitor,
Load_StatusPlugLoadFan,Load_StatusPlugLoadFan,
Load_StatusPlugLoadHairDryerCurlIron,Load_StatusPlugLoadHairDryerCurlIron,
Load_StatusPlugLoadHandMixer,Load_StatusPlugLoadHandMixer,
Load_StatusPlugLoadHeatingPad,Load_StatusPlugLoadHeatingPad,
Load_StatusPlugLoadIron,Load_StatusPlugLoadIron,
Load_StatusPlugLoadLRBlueRay,Load_StatusPlugLoadLRBlueRay,
Load_StatusPlugLoadLRTV,Load_StatusPlugLoadLRTV,
Load_StatusPlugLoadMBRBlueRay,Load_StatusPlugLoadMBRBlueRay,
Load_StatusPlugLoadMBRTV,Load_StatusPlugLoadMBRTV,
Load_StatusPlugLoadSlowCooker,Load_StatusPlugLoadSlowCooker,
Load_StatusPlugLoadToaster,Load_StatusPlugLoadToaster,
Load_StatusPlugLoadToasterOven,Load_StatusPlugLoadToasterOven,
Load_StatusPlugLoadVacuum,Load_StatusPlugLoadVacuum,
Load_StatusPlugLoadVideoGame,Load_StatusPlugLoadVideoGame,
Load_StatusBR4Lights,Load_StatusRPS10BR4LightsRPBA32,Yes
Load_StatusMBALights,Load_StatusRPS14MBALightsRPBA2,Yes
Load_StatusMBRLights1,Load_StatusRPS15MBRLightsRPBA2,Yes
Load_StatusMBRLights2,Load_StatusRPS16MBRLightsRPBA2,Yes
Load_StatusBA2Lights,Load_StatusRPS17BA2LightsRPBA2,Yes
Load_StatusBR2Lights,Load_StatusRPS18BR2LightsRPBA2,Yes
Load_StatusBA1Lights,Load_StatusRPS1BA1LightsRPBA34,Yes
Load_StatusBR3Lights,Load_StatusRPS20BR3LightsRPBA2,Yes
Load_StatusSensHeatPrntBDOWN,Load_StatusRPS22SensHeatPrntBDOWNRPBB39,Yes
Load_StatusSensHeatPrntAUP,Load_StatusRPS23SensHeatPrntAUPRPBB23,Yes
Load_StatusKitchenLightsA,Load_StatusRPS2KitchenLightsARPBA34,Yes
Load_StatusSensHeatPrntBUP,Load_StatusRPS31SensHeatPrntBUPRPBB34,Yes
Load_StatusSensHeatChildAUP,Load_StatusRPS32SensHeatChildAUPRPBB27,Yes
Load_StatusSensHeatChildBUP,Load_StatusRPS35SensHeatChildBUPRPBB28,Yes
Load_StatusKitchenLightsB,Load_StatusRPS3KitchenLightsBRPBA34,Yes
Load_StatusSensHeatChildBDOWN,Load_StatusRPS40SensHeatChildBDOWNRPBB11,Yes
Load_StatusLRLights1,Load_StatusRPS47LRLightsRPBA32,Yes
Load_StatusSensHeatPrntADOWN,Load_StatusRPS49SensHeatPrntADOWNRPBB8,Yes
Load_StatusSensHeatChildADOWN,Load_StatusRPS53SensHeatChildADOWNRPBB15,Yes
Load_StatusKitchenLightsC,Load_StatusRPS5KitchenLightsCRPBA34,Yes
Load_StatusLRLights2,Load_StatusRPS62LRLightsRPBA32,Yes
Load_StatusDRLights,Load_StatusRPS7DRLightsRPBA34,Yes
Load_StatusLRLights3,Load_StatusRPS8LRLightsRPBA32,Yes
Load_StatusEntryHallLights,Load_StatusRPS9EntryHallLightsRPBA32,Yes
OutEnv_OutdoorAmbTemp,OutEnv_OutdoorAmbTemp,
OutEnv_RooftopWindDirection,OutEnv_RooftopWindDirection,
OutEnv_RooftopWindSpeed,OutEnv_RooftopWindSpeed,
Elec_EnergyPV1of2,Elec_EnergyRPB33PV1of2,Yes
Elec_EnergyPV2of2,Elec_EnergyRPB35PV2of2,Yes
Elec_PowerPV1of2,Elec_PowerRPB33PV1of2,Yes
Elec_PowerPV2of2,Elec_PowerRPB35PV2of2,Yes
PV_AmpsAIA1,PV_AmpsAIA1,
PV_AmpsAIA2,PV_AmpsAIA2,
PV_AmpsBIB1,PV_AmpsBIB1,
PV_AmpsBIB2,PV_AmpsBIB2,
PV_FrequencyF1,PV_FrequencyF1,
PV_FrequencyF2,PV_FrequencyF2,
PV_PowerFactor3PhTotalPF3PhT1,PV_PowerFactor3PhTotalPF3PhT1,
PV_PowerFactor3PhTotalPF3PhT2,PV_PowerFactor3PhTotalPF3PhT2,
PV_PVBacksideTemp2,PV_PVBacksideTemp2,
PV_PVBacksideTemp3,PV_PVBacksideTemp3,
PV_PVBacksideTemp4,PV_PVBacksideTemp4,
PV_PVBacksideTemp7,PV_PVBacksideTemp7,
PV_PVInsolationHArray,PV_PVInsolationHArray,
PV_PVSystem1ACEnergyOSEACPV1OS,PV_PVSystem1ACEnergyOSEACPV1OS,
PV_PVSystem1ACPowerOSPACPV1OS,PV_PVSystem1ACPowerOSPACPV1OS,
PV_PVSystem2ACEnergyOSEACPV2OS,PV_PVSystem2ACEnergyOSEACPV2OS,
PV_PVSystem2ACPowerOSPACPV2OS,PV_PVSystem2ACPowerOSPACPV2OS,
PV_StringCurrentIStr1,PV_StringCurrentIStr1,
PV_StringCurrentIStr2,PV_StringCurrentIStr2,
PV_StringCurrentIStr3,PV_StringCurrentIStr3,
PV_StringCurrentIStr4,PV_StringCurrentIStr4,
PV_StringVoltageUStr2,PV_StringVoltageUStr2,
PV_StringVoltageUStr4,PV_StringVoltageUStr4,
PV_VoltsANUAN1,PV_VoltsANUAN1,
PV_VoltsANUAN2,PV_VoltsANUAN2,
PV_VoltsBNUBN1,PV_VoltsBNUBN1,
PV_VoltsBNUBN2,PV_VoltsBNUBN2,
PV_Watts3PhTotalW3PhT1,PV_Watts3PhTotalW3PhT1,
PV_Watts3PhTotalW3PhT2,PV_Watts3PhTotalW3PhT2,
PV_WhoursDeliveredWhD1,PV_WhoursDeliveredWhD1,
PV_WhoursDeliveredWhD2,PV_WhoursDeliveredWhD2,
Elec_PowerPlugsBaseAHeliodyneHXs,Elec_PowerRPB1PlugsBaseAHeliodyneHXs,Yes
SHW_GlycolFlowHXCoriolisSHW,SHW_GlycolFlowHXCoriolisSHW,
SHW_GlycolFlowRateHXCoriolisSHW,SHW_GlycolFlowRateHXCoriolisSHW,
SHW_GlycolTempSHWPanel80galOut,SHW_GlycolTempSHWPanel80galOut,
SHW_PSPSHW,SHW_PSPSHW,
SHW_SHWHX80galWaterFlow,SHW_SHWHX80galWaterFlow,
SHW_WaterFlowHXCoriolisSHW,SHW_WaterFlowHXCoriolisSHW,
SHW_WaterFlowRateHXCoriolisSHW,SHW_WaterFlowRateHXCoriolisSHW,
Elec_EnergyMakeUpAirDamper,Elec_EnergyRPBA1MakeUpAirDamper,Yes
Elec_PowerMakeUpAirDamper,Elec_PowerRPBA1MakeUpAirDamper,Yes
Vent_HRVDewpointTemperatureExhaust,Vent_HRVDewpointTemperatureExhaust,
Vent_HRVDewpointTemperatureOutdoor,Vent_HRVDewpointTemperatureOutdoor,
Vent_HRVDewpointTemperatureReturn,Vent_HRVDewpointTemperatureReturn,
Vent_HRVDewpointTemperatureSupply,Vent_HRVDewpointTemperatureSupply,
Vent_HRVexhaustflowrate,Vent_HRVexhaustflowrate,
Vent_HRVfreshairpressuredifferential,Vent_HRVfreshairpressuredifferential,
Vent_HRVoutdoorflowrate,Vent_HRVoutdoorflowrate,
Vent_HRVreturnflowrate,Vent_HRVreturnflowrate,
Vent_HRVstaleairpressuredifferential,Vent_HRVstaleairpressuredifferential,
Vent_HRVTempExhaustOut,Vent_HRVTempExhaustOut,
Vent_HRVTempOutdoorin,Vent_HRVTempOutdoorin,
Vent_HRVTempReturnIn,Vent_HRVTempReturnIn,
Vent_HRVTempSupplyOut,Vent_HRVTempSupplyOut,